{"representante":"Representante","tipoDocumento":"NA","nIdentificacion":"","nombre":"","apellido1":"","apellido2":"","enCalidadDe":"NA","fijo":"","movil":"","correo":"","TipoVia":"NA","nombreVia":"","numero":"","bloque":"","escalera":"","piso":"","portal":"","letra":"","puerta":"","complemento":"","fecha":"","paises":"Espa\u00f1a","provincias":"Albacete","islas":"Formentera","municipios":"Agurain\/Salvatierra","localidad":"","codigoPostal":"","huerfano":"true","administracion":"true","alergias":"","ciencias":"cient\u00edfico-tecnol\u00f3gico","idioma":"Italiano","optativa1":"Dibujo tecnico","optativa2":"Dibujo tecnico","optativa3":"Tecnologias de la informacion y la cmunicacion","consiente1":"No Consiente","consiente2":"No Consiente","consiente3":"No Consiente","consiente4":"No Consiente"}