[{"isla_id": "071", "provincia_id": "07", "nombre": "Formentera"}, {"isla_id": "072", "provincia_id": "07", "nombre": "Ibiza"}, {"isla_id": "073", "provincia_id": "07", "nombre": "Mallorca"}, {"isla_id": "074", "provincia_id": "07", "nombre": "Menorca"}, {"isla_id": "351", "provincia_id": "35", "nombre": "Fuerteventura"}, {"isla_id": "352", "provincia_id": "35", "nombre": "Gran Canaria"}, {"isla_id": "353", "provincia_id": "35", "nombre": "Lanzarote"}, {"isla_id": "381", "provincia_id": "38", "nombre": "Gomera, La "}, {"isla_id": "382", "provincia_id": "38", "nombre": "Hierro, El "}, {"isla_id": "383", "provincia_id": "38", "nombre": "Palma, La "}, {"isla_id": "384", "provincia_id": "38", "nombre": "Tenerife"}]